Player,Pos,Age,Team,Birth Date
Alex Abrines,SG,23.0,Oklahoma City Thunder,1993-08-01
Quincy Acy,PF,26.0,Dallas Mavericks,1990-10-06
Quincy Acy,PF,26.0,Brooklyn Nets,1990-10-06
Steven Adams,C,23.0,Oklahoma City Thunder,1993-07-20
Arron Afflalo,SG,31.0,Sacramento Kings,1985-10-15
Ethan Harris,PG,24.0,Los Angeles Lakers,1995-03-12
Liam Clark,SF,28.0,Boston Celtics,1991-09-21
Noah Baker,PF,21.0,New York Knicks,1998-11-05
Oliver Turner,C,33.0,Golden State Warriors,1986-01-19
Aiden Cooper,SG,27.0,Houston Rockets,1992-06-30
Lucas Allen,PG,22.0,San Antonio Spurs,1997-04-07
Elijah Ward,SF,30.0,Miami Heat,1989-08-14
James Reed,PF,25.0,Philadelphia 76ers,1994-12-25
Benjamin Scott,C,29.0,Toronto Raptors,1990-02-18
Henry King,SG,23.0,Utah Jazz,1996-07-03
Alexander Hill,PG,31.0,Denver Nuggets,1988-10-29
Daniel Green,SF,26.0,Portland Trail Blazers,1993-05-17
Michael Brooks,PF,24.0,Orlando Magic,1995-01-08
Jacob Carter,C,27.0,Charlotte Hornets,1992-03-24
William Perez,SG,21.0,Atlanta Hawks,1998-09-10
Andrew Watson,PG,32.0,Milwaukee Bucks,1987-11-01
Matthew Ross,SF,25.0,Indiana Pacers,1994-06-16
Joseph Diaz,PF,28.0,Phoenix Suns,1991-04-04
Samuel Foster,C,23.0,Chicago Bulls,1996-12-09
David Gonzales,SG,30.0,Detroit Pistons,1989-07-22
Joshua Price,PG,29.0,New Orleans Pelicans,1990-05-11
Gabriel Kelly,SF,22.0,Cleveland Cavaliers,1997-01-28
Ryan Sanders,PF,33.0,Washington Wizards,1986-10-10
Anthony Parker,C,26.0,Memphis Grizzlies,1993-03-02
Christopher Evans,SG,24.0,Sacramento Kings,1995-08-06
John Rodriguez,PG,28.0,Los Angeles Clippers,1991-12-13
Nicholas Morris,SF,21.0,Brooklyn Nets,1998-05-20
Dylan Rivera,PF,31.0,Dallas Mavericks,1988-09-27
Christian Wood,C,27.0,Oklahoma City Thunder,1992-04-09
Jonathan Torres,SG,22.0,Boston Celtics,1997-02-15
Jack Bailey,PG,30.0,New York Knicks,1989-11-03
Julian Long,SF,25.0,Golden State Warriors,1994-01-01
Wyatt Patterson,PF,29.0,Houston Rockets,1990-10-18
Isaiah Russell,C,24.0,San Antonio Spurs,1995-07-26
Carter Bell,SG,28.0,Miami Heat,1991-03-08
Owen Griffin,PG,23.0,Philadelphia 76ers,1996-09-05
Leo Hayes,SF,32.0,Toronto Raptors,1987-12-17
Grayson Jenkins,PF,25.0,Utah Jazz,1994-04-29
Isaac Henderson,C,30.0,Denver Nuggets,1989-06-14
Adrian Cole,SG,26.0,Portland Trail Blazers,1993-11-07
Eli Perry,PG,21.0,Orlando Magic,1998-02-23
Asher Washington,SF,27.0,Charlotte Hornets,1992-08-31
Landon Ramirez,PF,31.0,Atlanta Hawks,1988-05-09
Cameron Cox,C,22.0,Milwaukee Bucks,1997-10-20
Hunter Chavez,SG,29.0,Indiana Pacers,1990-01-27
Jeremiah Stewart,PG,24.0,Phoenix Suns,1995-04-19
Aaron Price,SF,28.0,Chicago Bulls,1991-07-10
Jason Reed,PF,21.0,Detroit Pistons,1998-01-26
Caleb Nelson,C,33.0,New Orleans Pelicans,1986-12-04
Colton Gray,SG,27.0,Cleveland Cavaliers,1992-09-15
Jordan Wright,PG,22.0,Washington Wizards,1997-06-23
Tristan Peterson,SF,30.0,Memphis Grizzlies,1989-10-09
Brody Torres,PF,25.0,Sacramento Kings,1994-03-01
Adam Rivera,C,29.0,Los Angeles Clippers,1990-08-16
Xavier James,SG,23.0,Brooklyn Nets,1996-05-28
Evan Sanchez,PG,31.0,Dallas Mavericks,1988-04-11
Justin Flores,SF,26.0,Oklahoma City Thunder,1993-12-07
Zachary Ruiz,PF,24.0,Boston Celtics,1995-02-03
Kevin Salazar,C,27.0,New York Knicks,1992-10-20
Nathan Mitchell,SG,21.0,Golden State Warriors,1998-03-29
Eric Morgan,PG,32.0,Houston Rockets,1987-05-18
Shawn Bailey,SF,25.0,San Antonio Spurs,1994-08-27
Ryan Long,PF,28.0,Miami Heat,1991-01-02
Tyler Ward,C,23.0,Philadelphia 76ers,1996-11-14
Blake Murphy,SG,30.0,Toronto Raptors,1989-04-26
Gavin Wood,PG,29.0,Utah Jazz,1990-07-09
Connor Kelly,SF,22.0,Denver Nuggets,1997-12-06
Austin White,PF,33.0,Portland Trail Blazers,1986-06-13
Jaxon Hall,C,26.0,Orlando Magic,1993-09-24
Kaleb Green,SG,24.0,Charlotte Hornets,1995-11-08
Kyle Davis,PG,28.0,Atlanta Hawks,1991-05-05
Devon Martinez,SF,21.0,Milwaukee Bucks,1998-07-16
Preston Brown,PF,31.0,Indiana Pacers,1988-02-28
Wesley Johnson,C,27.0,Phoenix Suns,1992-08-04
Julian Thomas,SG,22.0,Chicago Bulls,1997-03-09
Parker Scott,PG,30.0,Detroit Pistons,1989-10-31
Max Smith,SF,25.0,New Orleans Pelicans,1994-05-19
Bryce Jones,PF,29.0,Cleveland Cavaliers,1990-01-07
Bennett Wilson,C,24.0,Washington Wizards,1995-09-02
Colin Taylor,SG,28.0,Memphis Grizzlies,1991-06-18
Dominic Anderson,PG,23.0,Sacramento Kings,1996-02-21
Finn Miller,SF,32.0,Los Angeles Clippers,1987-07-27
George Moore,PF,25.0,Brooklyn Nets,1994-11-06
Henry Davis,C,30.0,Dallas Mavericks,1989-02-13
Ian Garcia,SG,26.0,Oklahoma City Thunder,1993-10-04
Miles Nelson,PG,21.0,Boston Celtics,1998-04-25
Oscar Martinez,SF,27.0,New York Knicks,1992-09-06
Paul Rodriguez,PF,31.0,Golden State Warriors,1988-11-20
Quentin Baker,C,22.0,Houston Rockets,1997-07-13
Ronan Perry,SG,30.0,San Antonio Spurs,1989-03-23
Sean Clark,PG,25.0,Miami Heat,1994-06-08
Troy Walker,SF,29.0,Philadelphia 76ers,1990-04-14
Victor Hall,PF,24.0,Toronto Raptors,1995-10-01
Walter Young,C,28.0,Utah Jazz,1991-01-11
Yusuf King,SG,23.0,Denver Nuggets,1996-08-19
Leo Turner,PG,33.0,Portland Trail Blazers,1986-05-03
Neil Wright,SF,26.0,Orlando Magic,1993-01-30
Peter Adams,PF,24.0,Charlotte Hornets,1995-12-16
Randy Green,C,27.0,Atlanta Hawks,1992-02-05
Sam Johnson,SG,21.0,Milwaukee Bucks,1998-06-29
Todd Lee,PG,32.0,Indiana Pacers,1987-09-17
Frank White,SF,25.0,Phoenix Suns,1994-02-24
Jerry Brown,PF,28.0,Chicago Bulls,1991-11-09
Louis Davis,C,23.0,Detroit Pistons,1996-04-02
Mark Miller,SG,30.0,New Orleans Pelicans,1989-05-21
Mike Wilson,PG,29.0,Cleveland Cavaliers,1990-12-15
Paul Thomas,SF,22.0,Washington Wizards,1997-08-08
Ray Harris,PF,33.0,Memphis Grizzlies,1986-07-25
Steve Martin,C,26.0,Sacramento Kings,1993-04-17
Tom Jackson,SG,24.0,Los Angeles Clippers,1995-06-06
Vince Lee,PG,28.0,Brooklyn Nets,1991-03-27
Wayne Taylor,SF,21.0,Dallas Mavericks,1998-10-14
Zach Miller,PF,31.0,Oklahoma City Thunder,1988-08-05
Chad Cooper,C,27.0,Boston Celtics,1992-01-23
Dean Hall,SG,22.0,New York Knicks,1997-09-19
Gary Jones,PG,30.0,Golden State Warriors,1989-12-02
Hugh Young,SF,25.0,Houston Rockets,1994-10-28
Joel Baker,PF,29.0,San Antonio Spurs,1990-03-03
Ken Carter,C,24.0,Miami Heat,1995-05-15
Larry Scott,SG,28.0,Philadelphia 76ers,1991-02-12
Jeff King,PG,23.0,Toronto Raptors,1996-10-07
Kevin White,SF,32.0,Utah Jazz,1987-06-19
Matt Green,PF,25.0,Denver Nuggets,1994-12-29
Nick Adams,C,30.0,Portland Trail Blazers,1989-09-16
Owen Brown,SG,26.0,Orlando Magic,1993-05-22
Ronan Cox,PG,21.0,Charlotte Hornets,1998-01-01
Seth Evans,SF,27.0,Atlanta Hawks,1992-07-15
Tim Foster,PF,31.0,Milwaukee Bucks,1988-04-03
Will Jackson,C,22.0,Indiana Pacers,1997-02-10
Allen Perez,SG,29.0,Phoenix Suns,1990-06-25
Barry Reed,PG,24.0,Chicago Bulls,1995-08-11
Calvin Hayes,SF,28.0,Detroit Pistons,1991-05-29
Damon Cruz,PF,21.0,New Orleans Pelicans,1998-11-18
Earl Torres,C,33.0,Cleveland Cavaliers,1986-03-06
Fred Mitchell,SG,27.0,Washington Wizards,1992-10-05
Glen Walker,PG,22.0,Memphis Grizzlies,1997-04-17
Hank Stewart,SF,30.0,Sacramento Kings,1989-08-20
Ike Hall,PF,25.0,Los Angeles Clippers,1994-01-22
Joe Lewis,C,29.0,Brooklyn Nets,1990-09-04
Kurt Young,SG,23.0,Dallas Mavericks,1996-07-10
Lee King,PG,31.0,Oklahoma City Thunder,1988-10-26
Max Turner,SF,26.0,Boston Celtics,1993-01-09
Ned Harris,PF,24.0,New York Knicks,1995-02-14
Phil Allen,C,27.0,Golden State Warriors,1992-06-01
Quinn Baker,SG,21.0,Houston Rockets,1998-05-07
Rick Carter,PG,32.0,San Antonio Spurs,1987-12-30
Stan Diaz,SF,25.0,Miami Heat,1994-09-03
Vic Evans,PF,28.0,Philadelphia 76ers,1991-03-16
Wes Foster,C,23.0,Toronto Raptors,1996-11-28
Yani Green,SG,30.0,Utah Jazz,1989-04-05
Zack Hall,PG,29.0,Denver Nuggets,1990-07-28
Cody Brown,SF,22.0,Portland Trail Blazers,1997-12-19
Drew Johnson,PF,33.0,Orlando Magic,1986-06-01
Grant Wilson,C,26.0,Charlotte Hornets,1993-08-13
Mitch Davis,SG,24.0,Atlanta Hawks,1995-04-20
Noah White,PG,28.0,Milwaukee Bucks,1991-07-06
Pierce Taylor,SF,21.0,Indiana Pacers,1998-09-22
Reid Anderson,PF,31.0,Phoenix Suns,1988-02-16
Scott Miller,C,27.0,Chicago Bulls,1992-11-10
Trent Moore,SG,22.0,Detroit Pistons,1997-03-26
Alec King,PG,30.0,New Orleans Pelicans,1989-10-13
Ben Adams,SF,25.0,Cleveland Cavaliers,1994-05-08
Curt Young,PF,29.0,Washington Wizards,1990-01-20
Dax Lee,C,24.0,Memphis Grizzlies,1995-09-29
Eli Reed,SG,28.0,Sacramento Kings,1991-06-04
Flynn Baker,PG,23.0,Los Angeles Clippers,1996-02-09
Greg Carter,SF,32.0,Brooklyn Nets,1987-07-03
Harrison Hall,PF,25.0,Dallas Mavericks,1994-11-15
Ivan Kelly,C,30.0,Oklahoma City Thunder,1989-02-28
Jaxson Scott,SG,26.0,Boston Celtics,1993-10-21
Kian Thomas,PG,21.0,New York Knicks,1998-04-08
Leon Harris,SF,27.0,Golden State Warriors,1992-09-25
Marco Perez,PF,31.0,Houston Rockets,1988-11-02
Noel Rivera,C,22.0,San Antonio Spurs,1997-07-21
Orion Wilson,SG,30.0,Miami Heat,1989-03-07
Pat Moran,PG,25.0,Philadelphia 76ers,1994-06-12
Quincy Diaz,SF,29.0,Toronto Raptors,1990-04-29
Rylan Evans,PF,24.0,Utah Jazz,1995-10-18
Silas Flores,C,28.0,Denver Nuggets,1991-01-26
Tate Garcia,SG,23.0,Portland Trail Blazers,1996-08-03
Uriel Henderson,PG,33.0,Orlando Magic,1986-05-15
Vance Johnson,SF,26.0,Charlotte Hornets,1993-01-24
Wade Lewis,PF,24.0,Atlanta Hawks,1995-12-09
Yannick Miller,C,27.0,Milwaukee Bucks,1992-02-08
Zeke Peterson,SG,21.0,Indiana Pacers,1998-06-15
Alan Rogers,PG,32.0,Phoenix Suns,1987-09-28
Brent Smith,SF,25.0,Chicago Bulls,1994-02-05
Chayse Taylor,PF,28.0,Detroit Pistons,1991-11-21
Dante White,C,23.0,New Orleans Pelicans,1996-04-18
Ellis Brown,SG,30.0,Cleveland Cavaliers,1989-05-02
Foster Clark,PG,29.0,Washington Wizards,1990-12-08
Graham Lee,SF,22.0,Memphis Grizzlies,1997-08-16
Hoyt Martinez,PF,33.0,Sacramento Kings,1986-07-09
Igor Nelson,C,26.0,Los Angeles Clippers,1993-04-25
Jace Parker,SG,24.0,Brooklyn Nets,1995-06-01
Kael Rodriguez,PG,28.0,Dallas Mavericks,1991-03-04
Lane Sanchez,SF,21.0,Oklahoma City Thunder,1998-10-28
Maddox Ward,PF,31.0,Boston Celtics,1988-08-18
Nolan Young,C,27.0,New York Knicks,1992-01-12
Olin Vance,SG,22.0,Golden State Warriors,1997-09-04
Perry Wells,PG,30.0,Houston Rockets,1989-12-18
Ramiro King,SF,25.0,San Antonio Spurs,1994-10-23
Shawn Allen,PF,29.0,Miami Heat,1990-03-21
Todd Brooks,C,24.0,Philadelphia 76ers,1995-05-09
Ulysses Carter,SG,28.0,Toronto Raptors,1991-02-27
Vaughn Davis,PG,23.0,Utah Jazz,1996-10-14
Wayne Evans,SF,32.0,Denver Nuggets,1987-06-06
Xander Gray,PF,25.0,Portland Trail Blazers,1994-12-01
Yancy Hall,C,30.0,Orlando Magic,1989-09-20
Zion Jones,SG,26.0,Charlotte Hornets,1993-05-01
Abel Lewis,PG,21.0,Atlanta Hawks,1998-01-13
Blaine Moore,SF,27.0,Milwaukee Bucks,1992-07-08
Caleb Nelson,PF,31.0,Indiana Pacers,1988-04-16
Dorian Owen,C,22.0,Phoenix Suns,1997-02-03
Emmett Perry,SG,29.0,Chicago Bulls,1990-06-10
Fabian Quinn,PG,24.0,Detroit Pistons,1995-08-25
Garrett Reed,SF,28.0,New Orleans Pelicans,1991-05-01
Harlan Shaw,PF,21.0,Cleveland Cavaliers,1998-11-09
Irvin Tate,C,33.0,Washington Wizards,1986-03-28
Jared Usher,SG,27.0,Memphis Grizzlies,1992-10-22
Kiefer Vance,PG,22.0,Sacramento Kings,1997-04-30
Lincoln West,SF,30.0,Los Angeles Clippers,1989-08-01
Mason York,PF,25.0,Brooklyn Nets,1994-01-17
Nash Zephyr,C,29.0,Dallas Mavericks,1990-09-12
Orin Finch,SG,23.0,Oklahoma City Thunder,1996-07-28
Palmer Gates,PG,31.0,Boston Celtics,1988-10-09
Quillian Howe,SF,26.0,New York Knicks,1993-01-18
Rudy Iyer,PF,24.0,Golden State Warriors,1995-02-25
Sheldon Kidd,C,27.0,Houston Rockets,1992-06-08
Trent Lane,SG,21.0,San Antonio Spurs,1998-05-24
Usher Mann,PG,32.0,Miami Heat,1987-12-02
Vance Nash,SF,25.0,Philadelphia 76ers,1994-09-11
Winston Otto,PF,28.0,Toronto Raptors,1991-03-07
Xavier Poe,C,23.0,Utah Jazz,1996-11-20
Yates Quaid,SG,30.0,Denver Nuggets,1989-04-13
Zane Roy,PG,29.0,Portland Trail Blazers,1990-07-20
Alfie Shea,SF,22.0,Orlando Magic,1997-12-25
Basil Todd,PF,33.0,Charlotte Hornets,1986-06-20
Cain Uris,C,26.0,Atlanta Hawks,1993-08-27
Dustin Voltz,SG,24.0,Milwaukee Bucks,1995-04-06
Ernie Wade,PG,28.0,Indiana Pacers,1991-07-23
Floyd Yale,SF,21.0,Phoenix Suns,1998-09-08
Geno Zappa,PF,31.0,Chicago Bulls,1988-02-09
Hugo Alton,C,27.0,Detroit Pistons,1992-11-26
Ira Byrd,SG,22.0,New Orleans Pelicans,1997-03-15
Jory Cole,PG,30.0,Cleveland Cavaliers,1989-10-01
Kane Day,SF,25.0,Washington Wizards,1994-05-24
Lex Fox,PF,29.0,Memphis Grizzlies,1990-01-02
Monty Gage,C,24.0,Sacramento Kings,1995-09-18
Niko Hunt,SG,28.0,Los Angeles Clippers,1991-06-29
Orrin Jay,PG,23.0,Brooklyn Nets,1996-02-05
Pace Kent,SF,32.0,Dallas Mavericks,1987-07-11
Quincy Lyra,PF,25.0,Oklahoma City Thunder,1994-11-29
Rocco Mace,C,30.0,Boston Celtics,1989-02-06
Syd North,SG,26.0,New York Knicks,1993-10-14
Troy Odom,PG,21.0,Golden State Warriors,1998-04-01
Umar Pym,SF,27.0,Houston Rockets,1992-09-17
Van Quaid,PF,31.0,San Antonio Spurs,1988-11-28
Wes Rivas,C,22.0,Miami Heat,1997-07-05
Xylos Sage,SG,30.0,Philadelphia 76ers,1989-03-30
Yasin Todd,PG,25.0,Toronto Raptors,1994-06-21
Zayne Ulm,SF,29.0,Utah Jazz,1990-04-07
Alston Vex,PF,24.0,Denver Nuggets,1995-10-25
Byron Wolf,C,28.0,Portland Trail Blazers,1991-01-18
Camilo York,SG,23.0,Orlando Magic,1996-08-11
Damian Zion,PG,33.0,Charlotte Hornets,1986-05-20
Errol Abel,SF,26.0,Atlanta Hawks,1993-01-03
Felix Bain,PF,24.0,Milwaukee Bucks,1995-12-30
Gerrit Cruz,C,27.0,Indiana Pacers,1992-02-19
Homer Daye,SG,21.0,Phoenix Suns,1998-06-22
Ives Edge,PG,32.0,Chicago Bulls,1987-09-10
Jared Ford,SF,25.0,Detroit Pistons,1994-02-12
Kael Grove,PF,28.0,New Orleans Pelicans,1991-11-03
Lanny Hall,C,23.0,Cleveland Cavaliers,1996-04-26
Milo Hunt,SG,30.0,Washington Wizards,1989-05-14
Noel Iyer,PG,29.0,Memphis Grizzlies,1990-12-22
Odin Jett,SF,22.0,Sacramento Kings,1997-08-30
Pavel Kyle,PF,33.0,Los Angeles Clippers,1986-07-16
Quentin Lane,C,26.0,Brooklyn Nets,1993-04-09
Ralph Mann,SG,24.0,Dallas Mavericks,1995-06-27
Shane Nash,PG,28.0,Oklahoma City Thunder,1991-03-20
Tobias Otto,SF,21.0,Boston Celtics,1998-10-07
Ulric Penn,PF,31.0,New York Knicks,1988-09-01
Vernon Ruez,C,27.0,Golden State Warriors,1992-01-30
Wayne Shaw,SG,22.0,Houston Rockets,1997-09-12
Xavier Tate,PG,30.0,San Antonio Spurs,1989-12-25
Yves Ulm,SF,25.0,Miami Heat,1994-10-16
Zoran Volk,PF,29.0,Philadelphia 76ers,1990-03-14
Adrian Wall,C,24.0,Toronto Raptors,1995-05-23
Brett West,SG,28.0,Utah Jazz,1991-02-05
Caleb Wynn,PG,23.0,Denver Nuggets,1996-10-29
Dillon Yang,SF,32.0,Portland Trail Blazers,1987-06-26
Earl Zinn,PF,25.0,Orlando Magic,1994-12-08
Floyd Adam,C,30.0,Charlotte Hornets,1989-09-09
Gavin Bain,SG,26.0,Atlanta Hawks,1993-05-15
Hayden Carr,PG,21.0,Milwaukee Bucks,1998-01-29
Ian Dean,SF,27.0,Indiana Pacers,1992-07-22
Jude Edge,PF,31.0,Phoenix Suns,1988-04-22
Koby Flynn,C,22.0,Chicago Bulls,1997-02-18
Levi Gage,SG,29.0,Detroit Pistons,1990-06-03
Manny Hill,PG,24.0,New Orleans Pelicans,1995-08-18
Nate Hyde,SF,28.0,Cleveland Cavaliers,1991-05-08
Omar Ivey,PF,21.0,Washington Wizards,1998-11-25
Perry Jack,C,33.0,Memphis Grizzlies,1986-03-15
Quin Key,SG,27.0,Sacramento Kings,1992-10-29
Rico Lane,PG,22.0,Los Angeles Clippers,1997-04-23
Sam Mohr,SF,30.0,Brooklyn Nets,1989-08-08
Ty Otis,PF,25.0,Dallas Mavericks,1994-01-08
Ulf Palm,C,29.0,Oklahoma City Thunder,1990-09-27
Vito Quay,SG,23.0,Boston Celtics,1996-07-21
Wes Reed,PG,31.0,New York Knicks,1988-10-16
Yara Shea,SF,26.0,Golden State Warriors,1993-01-01
Zeke Troy,PF,24.0,Houston Rockets,1995-02-08
Alec Vail,C,27.0,San Antonio Spurs,1992-06-15
Bryce Wick,SG,21.0,Miami Heat,1998-05-31
Chaz Yang,PG,32.0,Philadelphia 76ers,1987-12-10
Drew Zola,SF,25.0,Toronto Raptors,1994-09-26
Elias Ames,PF,28.0,Utah Jazz,1991-03-23
Felipe Bird,C,23.0,Denver Nuggets,1996-11-07
Gio Cobb,SG,30.0,Portland Trail Blazers,1989-04-20
Hans Drew,PG,29.0,Orlando Magic,1990-07-13
Iker Edge,SF,22.0,Charlotte Hornets,1997-12-31
Jake Finn,PF,33.0,Atlanta Hawks,1986-06-08
Kai Glen,C,26.0,Milwaukee Bucks,1993-08-20
Leon Hope,SG,24.0,Indiana Pacers,1995-04-27
Max Ivy,PG,28.0,Phoenix Suns,1991-07-02
Noah Jada,SF,21.0,Chicago Bulls,1998-09-15
Omar Kent,PF,31.0,Detroit Pistons,1988-02-23
Pip Lord,C,27.0,New Orleans Pelicans,1992-11-04
Quin Mace,SG,22.0,Cleveland Cavaliers,1997-03-02
Rex Nash,PG,30.0,Washington Wizards,1989-10-24
Stu Opie,SF,25.0,Memphis Grizzlies,1994-05-12
Trey Paul,PF,29.0,Sacramento Kings,1990-01-24
Ugo Qade,C,24.0,Los Angeles Clippers,1995-09-08
Val Reed,SG,28.0,Brooklyn Nets,1991-06-11
Will Saar,PG,23.0,Dallas Mavericks,1996-02-28
Xavi Tate,SF,32.0,Oklahoma City Thunder,1987-07-20
Yuri Ulm,PF,25.0,Boston Celtics,1994-11-03
Zack Volk,C,30.0,New York Knicks,1989-02-20
Adam Wade,SG,26.0,Golden State Warriors,1993-10-08
Ben York,PG,21.0,Houston Rockets,1998-04-16
Cole Zinn,SF,27.0,San Antonio Spurs,1992-09-01
Dirk Abel,PF,31.0,Miami Heat,1988-11-13
Eric Bain,C,22.0,Philadelphia 76ers,1997-07-29
Fred Cruz,SG,30.0,Toronto Raptors,1989-03-16
Gabe Daye,PG,25.0,Utah Jazz,1994-06-05
Hank Edge,SF,29.0,Denver Nuggets,1990-04-22
Ira Finn,PF,24.0,Portland Trail Blazers,1995-10-09
Jace Glen,C,28.0,Orlando Magic,1991-01-04
Kyle Hope,SG,23.0,Charlotte Hornets,1996-08-26
Leo Ivey,PG,33.0,Atlanta Hawks,1986-05-26
Max Judd,SF,26.0,Milwaukee Bucks,1993-01-31
Noah Kent,PF,24.0,Indiana Pacers,1995-12-23
Otis Lake,C,27.0,Phoenix Suns,1992-02-12
Paul Lord,SG,21.0,Chicago Bulls,1998-06-05
Quin Mace,PG,32.0,Detroit Pistons,1987-09-03
Rico Nash,SF,25.0,New Orleans Pelicans,1994-02-20
Sam Owen,PF,28.0,Cleveland Cavaliers,1991-11-27
Tom Pace,C,23.0,Washington Wizards,1996-04-09
Umar Quinn,SG,30.0,Memphis Grizzlies,1989-05-28
Vince Reed,PG,29.0,Sacramento Kings,1990-12-01
Will Shaw,SF,22.0,Los Angeles Clippers,1997-08-23
Xavi Troy,PF,33.0,Brooklyn Nets,1986-07-31
Yusef Ulm,C,26.0,Dallas Mavericks,1993-04-14
Zeke Vance,SG,24.0,Oklahoma City Thunder,1995-06-13
Alex Wade,PG,28.0,Boston Celtics,1991-03-01
Brent Yale,SF,21.0,New York Knicks,1998-10-21
Cain Zinn,PF,31.0,Golden State Warriors,1988-08-11
Dale Abel,C,27.0,Houston Rockets,1992-01-05
Earl Best,SG,22.0,San Antonio Spurs,1997-09-26
Finn Cole,PG,30.0,Miami Heat,1989-12-10
Gary Dean,SF,25.0,Philadelphia 76ers,1994-10-05
Hugh Edge,PF,29.0,Toronto Raptors,1990-03-28
Igor Ford,C,24.0,Utah Jazz,1995-05-02
Jake Gage,SG,28.0,Denver Nuggets,1991-02-19
Kyle Howe,PG,23.0,Portland Trail Blazers,1996-10-22
Leo Ivey,SF,32.0,Orlando Magic,1987-06-13
Max Judd,PF,25.0,Charlotte Hornets,1994-12-14
Nick Kent,C,30.0,Atlanta Hawks,1989-09-01
Ollie Lord,SG,26.0,Milwaukee Bucks,1993-05-29
Pete Mann,PG,21.0,Indiana Pacers,1998-01-08
Quin Nash,SF,27.0,Phoenix Suns,1992-07-01
Rudy Odom,PF,31.0,Chicago Bulls,1988-04-09
Sam Pace,C,22.0,Detroit Pistons,1997-02-06
Todd Quay,SG,29.0,New Orleans Pelicans,1990-06-18
Umar Rade,PG,24.0,Cleveland Cavaliers,1995-08-04
Vince Sape,SF,28.0,Washington Wizards,1991-05-15
Will Tate,PF,21.0,Memphis Grizzlies,1998-11-01
Xavi Ulm,C,33.0,Sacramento Kings,1986-03-22
Yuri Vann,SG,27.0,Los Angeles Clippers,1992-10-15
Zane Webb,PG,22.0,Brooklyn Nets,1997-04-08
Alan York,SF,30.0,Dallas Mavericks,1989-08-11
Beau Zinn,PF,25.0,Oklahoma City Thunder,1994-01-28
Carl Abel,C,29.0,Boston Celtics,1990-09-07
Don Best,SG,23.0,New York Knicks,1996-07-06
Eli Cole,PG,31.0,Golden State Warriors,1988-10-02
Fred Dean,SF,26.0,Houston Rockets,1993-01-14
Gus Edge,PF,24.0,San Antonio Spurs,1995-02-19
Hal Finn,C,27.0,Miami Heat,1992-06-25
Ian Gage,SG,21.0,Philadelphia 76ers,1998-05-17
Joss Hyde,PG,32.0,Toronto Raptors,1987-12-24
Kian Ivey,SF,25.0,Utah Jazz,1994-09-30
Liam Jude,PF,28.0,Denver Nuggets,1991-03-10
Mick Kade,C,23.0,Portland Trail Blazers,1996-11-23
Nash Lane,SG,30.0,Orlando Magic,1989-04-28
Orin Mace,PG,29.0,Charlotte Hornets,1990-07-04
Pat Nash,SF,22.0,Atlanta Hawks,1997-12-12
Quin Oden,PF,33.0,Milwaukee Bucks,1986-06-27
Rory Pace,C,26.0,Indiana Pacers,1993-08-05
Sam Quay,SG,24.0,Phoenix Suns,1995-04-13
Ted Reed,PG,28.0,Chicago Bulls,1991-07-29
Umar Sate,SF,21.0,Detroit Pistons,1998-09-03
Vince Tarr,PF,31.0,New Orleans Pelicans,1988-02-02
Will Ulm,C,27.0,Cleveland Cavaliers,1992-11-17
Xavi Vest,SG,22.0,Washington Wizards,1997-03-04
Yusuf Wall,PG,30.0,Memphis Grizzlies,1989-10-06
Zack Yate,SF,25.0,Sacramento Kings,1994-05-27
Alec Zest,PF,29.0,Los Angeles Clippers,1990-01-15
Bert Ash,C,24.0,Brooklyn Nets,1995-09-21
Chet Baye,SG,28.0,Dallas Mavericks,1991-06-22
Don Case,PG,23.0,Oklahoma City Thunder,1996-02-14
Eli Daye,SF,32.0,Boston Celtics,1987-07-25
Finch Epps,PF,25.0,New York Knicks,1994-11-12
Gale Fair,C,30.0,Golden State Warriors,1989-02-09
Hugh Gilt,SG,26.0,Houston Rockets,1993-10-17
Ira Herr,PG,21.0,San Antonio Spurs,1998-04-04
Jett Ives,SF,27.0,Miami Heat,1992-09-29
Kent Jago,PF,31.0,Philadelphia 76ers,1988-11-24
Liam Kale,C,22.0,Toronto Raptors,1997-07-17
Mick Lynn,SG,30.0,Utah Jazz,1989-03-26
Noel Mack,PG,25.0,Denver Nuggets,1994-06-03
Otis Noon,SF,29.0,Portland Trail Blazers,1990-04-25
Penn Opal,PF,24.0,Orlando Magic,1995-10-05
Quin Pack,C,28.0,Charlotte Hornets,1991-01-22
Rico Quar,SG,23.0,Atlanta Hawks,1996-08-15
Sam Rade,PG,33.0,Milwaukee Bucks,1986-05-08
Todd Sage,SF,26.0,Indiana Pacers,1993-01-27
Umar Tagg,PF,24.0,Phoenix Suns,1995-12-12
Vince Vale,C,27.0,Chicago Bulls,1992-02-01
Will Wolf,SG,21.0,Detroit Pistons,1998-06-26
Xavi York,PG,32.0,New Orleans Pelicans,1987-09-14
Yusuf Zeff,SF,25.0,Cleveland Cavaliers,1994-02-09
Zack Abel,PF,28.0,Washington Wizards,1991-11-06
Alan Bain,C,23.0,Memphis Grizzlies,1996-04-23
Brett Cary,SG,30.0,Sacramento Kings,1989-05-09
Cody Dean,PG,29.0,Los Angeles Clippers,1990-12-05
Dion Edge,SF,22.0,Brooklyn Nets,1997-08-04
Eli Ford,PF,33.0,Dallas Mavericks,1986-07-22
Finn Gage,C,26.0,Oklahoma City Thunder,1993-04-20
Gabe Hoyt,SG,24.0,Boston Celtics,1995-06-18
Hugh Ivey,PG,28.0,New York Knicks,1991-03-31
Iker Judd,SF,21.0,Golden State Warriors,1998-10-10
Jack Kade,PF,31.0,Houston Rockets,1988-08-09
Kent Lyle,C,27.0,San Antonio Spurs,1992-01-20
Leo Marr,SG,22.0,Miami Heat,1997-09-08
Mick Nash,PG,30.0,Philadelphia 76ers,1989-12-01
Neil Otto,SF,25.0,Toronto Raptors,1994-10-20
Orin Perry,PF,29.0,Utah Jazz,1990-03-07
Paul Rinn,C,24.0,Denver Nuggets,1995-05-05
Quin Saar,SG,28.0,Portland Trail Blazers,1991-02-23
Rudy Tate,PG,23.0,Orlando Magic,1996-10-01
Seth Uris,SF,32.0,Charlotte Hornets,1987-06-29
Todd Vance,PF,25.0,Atlanta Hawks,1994-12-21
Umar Wray,C,30.0,Milwaukee Bucks,1989-09-13
Vance Yale,SG,26.0,Indiana Pacers,1993-05-06
Will Zane,PG,21.0,Phoenix Suns,1998-01-10
Xavi Abel,SF,27.0,Chicago Bulls,1992-07-19
Yates Best,PF,31.0,Detroit Pistons,1988-04-27
Zane Cole,C,22.0,New Orleans Pelicans,1997-02-07
Alex Wade,PG,28.0,Boston Celtics,1991-03-01
Brent Yale,SF,21.0,New York Knicks,1998-10-21
Cain Zinn,PF,31.0,Golden State Warriors,1988-08-11
Dale Abel,C,27.0,Houston Rockets,1992-01-05
Earl Best,SG,22.0,San Antonio Spurs,1997-09-26
Finn Cole,PG,30.0,Miami Heat,1989-12-10
Gary Dean,SF,25.0,Philadelphia 76ers,1994-10-05
Hugh Edge,PF,29.0,Toronto Raptors,1990-03-28
Igor Ford,C,24.0,Utah Jazz,1995-05-02
Jake Gage,SG,28.0,Denver Nuggets,1991-02-19
Kyle Howe,PG,23.0,Portland Trail Blazers,1996-10-22
Leo Ivey,SF,32.0,Orlando Magic,1987-06-13
Max Judd,PF,25.0,Charlotte Hornets,1994-12-14
Nick Kent,C,30.0,Atlanta Hawks,1989-09-01
Ollie Lord,SG,26.0,Milwaukee Bucks,1993-05-29
Pete Mann,PG,21.0,Indiana Pacers,1998-01-08
Quin Nash,SF,27.0,Phoenix Suns,1992-07-01
Rudy Odom,PF,31.0,Chicago Bulls,1988-04-09
Sam Pace,C,22.0,Detroit Pistons,1997-02-06
Todd Quay,SG,29.0,New Orleans Pelicans,1990-06-18
Umar Rade,PG,24.0,Cleveland Cavaliers,1995-08-04
Vince Sape,SF,28.0,Washington Wizards,1991-05-15
Will Tate,PF,21.0,Memphis Grizzlies,1998-11-01
Xavi Ulm,C,33.0,Sacramento Kings,1986-03-22
Yuri Vann,SG,27.0,Los Angeles Clippers,1992-10-15
Zane Webb,PG,22.0,Brooklyn Nets,1997-04-08
Alan York,SF,30.0,Dallas Mavericks,1989-08-11
Beau Zinn,PF,25.0,Oklahoma City Thunder,1994-01-28
Carl Abel,C,29.0,Boston Celtics,1990-09-07
Don Best,SG,23.0,New York Knicks,1996-07-06
Eli Cole,PG,31.0,Golden State Warriors,1988-10-02
Fred Dean,SF,26.0,Houston Rockets,1993-01-14
Gus Edge,PF,24.0,San Antonio Spurs,1995-02-19
Hal Finn,C,27.0,Miami Heat,1992-06-25
Ian Gage,SG,21.0,Philadelphia 76ers,1998-05-17
Joss Hyde,PG,32.0,Toronto Raptors,1987-12-24
Kian Ivey,SF,25.0,Utah Jazz,1994-09-30
Liam Jude,PF,28.0,Denver Nuggets,1991-03-10
Mick Kade,C,23.0,Portland Trail Blazers,1996-11-23
Nash Lane,SG,30.0,Orlando Magic,1989-04-28
Orin Mace,PG,29.0,Charlotte Hornets,1990-07-04
Pat Nash,SF,22.0,Atlanta Hawks,1997-12-12
Quin Oden,PF,33.0,Milwaukee Bucks,1986-06-27
Rory Pace,C,26.0,Indiana Pacers,1993-08-05
Sam Quay,SG,24.0,Phoenix Suns,1995-04-13
Ted Reed,PG,28.0,Chicago Bulls,1991-07-29
Umar Sate,SF,21.0,Detroit Pistons,1998-09-03
Vince Tarr,PF,31.0,New Orleans Pelicans,1988-02-02
Will Ulm,C,27.0,Cleveland Cavaliers,1992-11-17
Xavi Vest,SG,22.0,Washington Wizards,1997-03-04
Yusuf Wall,PG,30.0,Memphis Grizzlies,1989-10-06
Zack Yate,SF,25.0,Sacramento Kings,1994-05-27
Alec Zest,PF,29.0,Los Angeles Clippers,1990-01-15
Bert Ash,C,24.0,Brooklyn Nets,1995-09-21
Chet Baye,SG,28.0,Dallas Mavericks,1991-06-22
Don Case,PG,23.0,Oklahoma City Thunder,1996-02-14
Eli Daye,SF,32.0,Boston Celtics,1987-07-25
Finch Epps,PF,25.0,New York Knicks,1994-11-12
Gale Fair,C,30.0,Golden State Warriors,1989-02-09
Hugh Gilt,SG,26.0,Houston Rockets,1993-10-17
Ira Herr,PG,21.0,San Antonio Spurs,1998-04-04
Jett Ives,SF,27.0,Miami Heat,1992-09-29
Kent Jago,PF,31.0,Philadelphia 76ers,1988-11-24
Liam Kale,C,22.0,Toronto Raptors,1997-07-17
Mick Lynn,SG,30.0,Utah Jazz,1989-03-26
Noel Mack,PG,25.0,Denver Nuggets,1994-06-03
Otis Noon,SF,29.0,Portland Trail Blazers,1990-04-25
Penn Opal,PF,24.0,Orlando Magic,1995-10-05
Quin Pack,C,28.0,Charlotte Hornets,1991-01-22
Rico Quar,SG,23.0,Atlanta Hawks,1996-08-15
Sam Rade,PG,33.0,Milwaukee Bucks,1986-05-08
Todd Sage,SF,26.0,Indiana Pacers,1993-01-27
Umar Tagg,PF,24.0,Phoenix Suns,1995-12-12
Vince Vale,C,27.0,Chicago Bulls,1992-02-01
Will Wolf,SG,21.0,Detroit Pistons,1998-06-26
Xavi York,PG,32.0,New Orleans Pelicans,1987-09-14
Yusuf Zeff,SF,25.0,Cleveland Cavaliers,1994-02-09
Zack Abel,PF,28.0,Washington Wizards,1991-11-06
Alan Bain,C,23.0,Memphis Grizzlies,1996-04-23
Brett Cary,SG,30.0,Sacramento Kings,1989-05-09
Cody Dean,PG,29.0,Los Angeles Clippers,1990-12-05
Dion Edge,SF,22.0,Brooklyn Nets,1997-08-04
Eli Ford,PF,33.0,Dallas Mavericks,1986-07-22
Finn Gage,C,26.0,Oklahoma City Thunder,1993-04-20
Gabe Hoyt,SG,24.0,Boston Celtics,1995-06-18
Hugh Ivey,PG,28.0,New York Knicks,1991-03-31
Iker Judd,SF,21.0,Golden State Warriors,1998-10-10
Jack Kade,PF,31.0,Houston Rockets,1988-08-09
Kent Lyle,C,27.0,San Antonio Spurs,1992-01-20
Leo Marr,SG,22.0,Miami Heat,1997-09-08
Mick Nash,PG,30.0,Philadelphia 76ers,1989-12-01
Neil Otto,SF,25.0,Toronto Raptors,1994-10-20
Orin Perry,PF,29.0,Utah Jazz,1990-03-07
Paul Rinn,C,24.0,Denver Nuggets,1995-05-05
Quin Saar,SG,28.0,Portland Trail Blazers,1991-02-23
Rudy Tate,PG,23.0,Orlando Magic,1996-10-01
Seth Uris,SF,32.0,Charlotte Hornets,1987-06-29
Todd Vance,PF,25.0,Atlanta Hawks,1994-12-21
Umar Wray,C,30.0,Milwaukee Bucks,1989-09-13
Vance Yale,SG,26.0,Indiana Pacers,1993-05-06
Will Zane,PG,21.0,Phoenix Suns,1998-01-10
Xavi Abel,SF,27.0,Chicago Bulls,1992-07-19
Yates Best,PF,31.0,Detroit Pistons,1988-04-27
Zane Cole,C,22.0,New Orleans Pelicans,1997-02-07