,Player,Pos,Age,Team,Birth Date
0,Alex Abrines,SG,23,Oklahoma City Thunder,1993-08-01
1,Quincy Acy,PF,26,Dallas Mavericks,1990-10-06
2,Quincy Acy,PF,26,Brooklyn Nets,1990-10-06
3,Steven Adams,C,23,Oklahoma City Thunder,1993-07-20
4,Arron Afflalo,SG,31,Sacramento Kings,1985-10-15
5,Ethan Harris,PG,24,LAL,1995-03-12
6,Liam Clark,SF,28,BOS,1991-09-21
7,Noah Baker,PF,21,New York Knicks,1998-11-05
8,Oliver Turner,C,33,Golden State Warriors,1986-01-19
9,Aiden Cooper,SG,27,Houston Rockets,1992-06-30
10,Lucas Allen,PG,22,San Antonio Spurs,1997-04-07
11,Elijah Ward,SF,30,Miami Heat,1989-08-14
12,James Reed,PF,25,Philadelphia 76ers,1994-12-25
13,Benjamin Scott,C,29,Toronto Raptors,1990-02-18
14,Henry King,SG,23,Utah Jazz,1996-07-03
15,Alexander Hill,PG,31,Denver Nuggets,1988-10-29
16,Daniel Green,SF,26,Portland Trail Blazers,1993-05-17
17,Michael Brooks,PF,24,Orlando Magic,1995-01-08
18,Jacob Carter,C,27,Charlotte Hornets,1992-03-24
19,William Perez,SG,21,Atlanta Hawks,1998-09-10
20,Andrew Watson,PG,32,Milwaukee Bucks,1987-11-01
21,Matthew Ross,SF,25,Indiana Pacers,1994-06-16
22,Joseph Diaz,PF,28,Phoenix Suns,1991-04-04
23,Samuel Foster,C,23,Chicago Bulls,1996-12-09
24,David Gonzales,SG,30,Detroit Pistons,1989-07-22
25,Joshua Price,PG,29,New Orleans Pelicans,1990-05-11
26,Gabriel Kelly,SF,22,Cleveland Cavaliers,1997-01-28
27,Ryan Sanders,PF,33,Washington Wizards,1986-10-10
28,Anthony Parker,C,26,Memphis Grizzlies,1993-03-02
29,Christopher Evans,SG,24,Sacramento Kings,1995-08-06
30,John Rodriguez,PG,28,Los Angeles Clippers,1991-12-13
31,Nicholas Morris,SF,21,Brooklyn Nets,1998-05-20
32,Dylan Rivera,PF,31,Dallas Mavericks,1988-09-27
33,Christian Wood,C,27,Oklahoma City Thunder,1992-04-09
34,Jonathan Torres,SG,22,BOS,1997-02-15
35,Jack Bailey,PG,30,New York Knicks,1989-11-03
36,Julian Long,SF,25,Golden State Warriors,1994-01-01
37,Wyatt Patterson,PF,29,Houston Rockets,1990-10-18
38,Isaiah Russell,C,24,San Antonio Spurs,1995-07-26
39,Carter Bell,SG,28,Miami Heat,1991-03-08
40,Owen Griffin,PG,23,Philadelphia 76ers,1996-09-05
41,Leo Hayes,SF,32,Toronto Raptors,1987-12-17
42,Grayson Jenkins,PF,25,Utah Jazz,1994-04-29
43,Isaac Henderson,C,30,Denver Nuggets,1989-06-14
44,Adrian Cole,SG,26,Portland Trail Blazers,1993-11-07
45,Eli Perry,PG,21,Orlando Magic,1998-02-23
46,Asher Washington,SF,27,Charlotte Hornets,1992-08-31
47,Landon Ramirez,PF,31,Atlanta Hawks,1988-05-09
48,Cameron Cox,C,22,Milwaukee Bucks,1997-10-20
49,Hunter Chavez,SG,29,Indiana Pacers,1990-01-27
50,Jeremiah Stewart,PG,24,Phoenix Suns,1995-04-19
51,Aaron Price,SF,28,Chicago Bulls,1991-07-10
52,Jason Reed,PF,21,Detroit Pistons,1998-01-26
53,Caleb Nelson,C,33,New Orleans Pelicans,1986-12-04
54,Colton Gray,SG,27,Cleveland Cavaliers,1992-09-15
55,Jordan Wright,PG,22,Washington Wizards,1997-06-23
56,Tristan Peterson,SF,30,Memphis Grizzlies,1989-10-09
57,Brody Torres,PF,25,Sacramento Kings,1994-03-01
58,Adam Rivera,C,29,Los Angeles Clippers,1990-08-16
59,Xavier James,SG,23,Brooklyn Nets,1996-05-28
60,Evan Sanchez,PG,31,Dallas Mavericks,1988-04-11
61,Justin Flores,SF,26,Oklahoma City Thunder,1993-12-07
62,Zachary Ruiz,PF,24,BOS,1995-02-03
63,Kevin Salazar,C,27,New York Knicks,1992-10-20
64,Nathan Mitchell,SG,21,Golden State Warriors,1998-03-29
65,Eric Morgan,PG,32,Houston Rockets,1987-05-18
66,Shawn Bailey,SF,25,San Antonio Spurs,1994-08-27
67,Ryan Long,PF,28,Miami Heat,1991-01-02
68,Tyler Ward,C,23,Philadelphia 76ers,1996-11-14
69,Blake Murphy,SG,30,Toronto Raptors,1989-04-26
70,Gavin Wood,PG,29,Utah Jazz,1990-07-09
71,Connor Kelly,SF,22,Denver Nuggets,1997-12-06
72,Austin White,PF,33,Portland Trail Blazers,1986-06-13
73,Jaxon Hall,C,26,Orlando Magic,1993-09-24
74,Kaleb Green,SG,24,Charlotte Hornets,1995-11-08
75,Kyle Davis,PG,28,Atlanta Hawks,1991-05-05
76,Devon Martinez,SF,21,Milwaukee Bucks,1998-07-16
77,Preston Brown,PF,31,Indiana Pacers,1988-02-28
78,Wesley Johnson,C,27,Phoenix Suns,1992-08-04
79,Julian Thomas,SG,22,Chicago Bulls,1997-03-09
80,Parker Scott,PG,30,Detroit Pistons,1989-10-31
81,Max Smith,SF,25,New Orleans Pelicans,1994-05-19
82,Bryce Jones,PF,29,Cleveland Cavaliers,1990-01-07
83,Bennett Wilson,C,24,Washington Wizards,1995-09-02
84,Colin Taylor,SG,28,Memphis Grizzlies,1991-06-18
85,Dominic Anderson,PG,23,Sacramento Kings,1996-02-21
86,Finn Miller,SF,32,Los Angeles Clippers,1987-07-27
87,George Moore,PF,25,Brooklyn Nets,1994-11-06
88,Henry Davis,C,30,Dallas Mavericks,1989-02-13
89,Ian Garcia,SG,26,Oklahoma City Thunder,1993-10-04
90,Miles Nelson,PG,21,BOS,1998-04-25
91,Oscar Martinez,SF,27,New York Knicks,1992-09-06
92,Paul Rodriguez,PF,31,Golden State Warriors,1988-11-20
93,Quentin Baker,C,22,Houston Rockets,1997-07-13
94,Ronan Perry,SG,30,San Antonio Spurs,1989-03-23
95,Sean Clark,PG,25,Miami Heat,1994-06-08
96,Troy Walker,SF,29,Philadelphia 76ers,1990-04-14
97,Victor Hall,PF,24,Toronto Raptors,1995-10-01
98,Walter Young,C,28,Utah Jazz,1991-01-11
99,Yusuf King,SG,23,Denver Nuggets,1996-08-19
100,Leo Turner,PG,33,Portland Trail Blazers,1986-05-03
101,Neil Wright,SF,26,Orlando Magic,1993-01-30
102,Peter Adams,PF,24,Charlotte Hornets,1995-12-16
103,Randy Green,C,27,Atlanta Hawks,1992-02-05
104,Sam Johnson,SG,21,Milwaukee Bucks,1998-06-29
105,Todd Lee,PG,32,Indiana Pacers,1987-09-17
106,Frank White,SF,25,Phoenix Suns,1994-02-24
107,Jerry Brown,PF,28,Chicago Bulls,1991-11-09
108,Louis Davis,C,23,Detroit Pistons,1996-04-02
109,Mark Miller,SG,30,New Orleans Pelicans,1989-05-21
110,Mike Wilson,PG,29,Cleveland Cavaliers,1990-12-15
111,Paul Thomas,SF,22,Washington Wizards,1997-08-08
112,Ray Harris,PF,33,Memphis Grizzlies,1986-07-25
113,Steve Martin,C,26,Sacramento Kings,1993-04-17
114,Tom Jackson,SG,24,Los Angeles Clippers,1995-06-06
115,Vince Lee,PG,28,Brooklyn Nets,1991-03-27
116,Wayne Taylor,SF,21,Dallas Mavericks,1998-10-14
117,Zach Miller,PF,31,Oklahoma City Thunder,1988-08-05
118,Chad Cooper,C,27,BOS,1992-01-23
119,Dean Hall,SG,22,New York Knicks,1997-09-19
120,Gary Jones,PG,30,Golden State Warriors,1989-12-02
121,Hugh Young,SF,25,Houston Rockets,1994-10-28
122,Joel Baker,PF,29,San Antonio Spurs,1990-03-03
123,Ken Carter,C,24,Miami Heat,1995-05-15
124,Larry Scott,SG,28,Philadelphia 76ers,1991-02-12
125,Jeff King,PG,23,Toronto Raptors,1996-10-07
126,Kevin White,SF,32,Utah Jazz,1987-06-19
127,Matt Green,PF,25,Denver Nuggets,1994-12-29
128,Nick Adams,C,30,Portland Trail Blazers,1989-09-16
129,Owen Brown,SG,26,Orlando Magic,1993-05-22
130,Ronan Cox,PG,21,Charlotte Hornets,1998-01-01
131,Seth Evans,SF,27,Atlanta Hawks,1992-07-15
132,Tim Foster,PF,31,Milwaukee Bucks,1988-04-03
133,Will Jackson,C,22,Indiana Pacers,1997-02-10
134,Allen Perez,SG,29,Phoenix Suns,1990-06-25
135,Barry Reed,PG,24,Chicago Bulls,1995-08-11
136,Calvin Hayes,SF,28,Detroit Pistons,1991-05-29
137,Damon Cruz,PF,21,New Orleans Pelicans,1998-11-18
138,Earl Torres,C,33,Cleveland Cavaliers,1986-03-06
139,Fred Mitchell,SG,27,Washington Wizards,1992-10-05
140,Glen Walker,PG,22,Memphis Grizzlies,1997-04-17
141,Hank Stewart,SF,30,Sacramento Kings,1989-08-20
142,Ike Hall,PF,25,Los Angeles Clippers,1994-01-22
143,Joe Lewis,C,29,Brooklyn Nets,1990-09-04
144,Kurt Young,SG,23,Dallas Mavericks,1996-07-10
145,Lee King,PG,31,Oklahoma City Thunder,1988-10-26
146,Max Turner,SF,26,BOS,1993-01-09
147,Ned Harris,PF,24,New York Knicks,1995-02-14
148,Phil Allen,C,27,Golden State Warriors,1992-06-01
149,Quinn Baker,SG,21,Houston Rockets,1998-05-07
150,Rick Carter,PG,32,San Antonio Spurs,1987-12-30
151,Stan Diaz,SF,25,Miami Heat,1994-09-03
152,Vic Evans,PF,28,Philadelphia 76ers,1991-03-16
153,Wes Foster,C,23,Toronto Raptors,1996-11-28
154,Yani Green,SG,30,Utah Jazz,1989-04-05
155,Zack Hall,PG,29,Denver Nuggets,1990-07-28
156,Cody Brown,SF,22,Portland Trail Blazers,1997-12-19
157,Drew Johnson,PF,33,Orlando Magic,1986-06-01
158,Grant Wilson,C,26,Charlotte Hornets,1993-08-13
159,Mitch Davis,SG,24,Atlanta Hawks,1995-04-20
160,Noah White,PG,28,Milwaukee Bucks,1991-07-06
161,Pierce Taylor,SF,21,Indiana Pacers,1998-09-22
162,Reid Anderson,PF,31,Phoenix Suns,1988-02-16
163,Scott Miller,C,27,Chicago Bulls,1992-11-10
164,Trent Moore,SG,22,Detroit Pistons,1997-03-26
165,Alec King,PG,30,New Orleans Pelicans,1989-10-13
166,Ben Adams,SF,25,Cleveland Cavaliers,1994-05-08
167,Curt Young,PF,29,Washington Wizards,1990-01-20
168,Dax Lee,C,24,Memphis Grizzlies,1995-09-29
169,Eli Reed,SG,28,Sacramento Kings,1991-06-04
170,Flynn Baker,PG,23,Los Angeles Clippers,1996-02-09
171,Greg Carter,SF,32,Brooklyn Nets,1987-07-03
172,Harrison Hall,PF,25,Dallas Mavericks,1994-11-15
173,Ivan Kelly,C,30,Oklahoma City Thunder,1989-02-28
174,Jaxson Scott,SG,26,BOS,1993-10-21
175,Kian Thomas,PG,21,New York Knicks,1998-04-08
176,Leon Harris,SF,27,Golden State Warriors,1992-09-25
177,Marco Perez,PF,31,Houston Rockets,1988-11-02
178,Noel Rivera,C,22,San Antonio Spurs,1997-07-21
179,Orion Wilson,SG,30,Miami Heat,1989-03-07
180,Pat Moran,PG,25,Philadelphia 76ers,1994-06-12
181,Quincy Diaz,SF,29,Toronto Raptors,1990-04-29
182,Rylan Evans,PF,24,Utah Jazz,1995-10-18
183,Silas Flores,C,28,Denver Nuggets,1991-01-26
184,Tate Garcia,SG,23,Portland Trail Blazers,1996-08-03
185,Uriel Henderson,PG,33,Orlando Magic,1986-05-15
186,Vance Johnson,SF,26,Charlotte Hornets,1993-01-24
187,Wade Lewis,PF,24,Atlanta Hawks,1995-12-09
188,Yannick Miller,C,27,Milwaukee Bucks,1992-02-08
189,Zeke Peterson,SG,21,Indiana Pacers,1998-06-15
190,Alan Rogers,PG,32,Phoenix Suns,1987-09-28
191,Brent Smith,SF,25,Chicago Bulls,1994-02-05
192,Chayse Taylor,PF,28,Detroit Pistons,1991-11-21
193,Dante White,C,23,New Orleans Pelicans,1996-04-18
194,Ellis Brown,SG,30,Cleveland Cavaliers,1989-05-02
195,Foster Clark,PG,29,Washington Wizards,1990-12-08
196,Graham Lee,SF,22,Memphis Grizzlies,1997-08-16
197,Hoyt Martinez,PF,33,Sacramento Kings,1986-07-09
198,Igor Nelson,C,26,Los Angeles Clippers,1993-04-25
199,Jace Parker,SG,24,Brooklyn Nets,1995-06-01
200,Kael Rodriguez,PG,28,Dallas Mavericks,1991-03-04
201,Lane Sanchez,SF,21,Oklahoma City Thunder,1998-10-28
202,Maddox Ward,PF,31,BOS,1988-08-18
203,Nolan Young,C,27,New York Knicks,1992-01-12
204,Olin Vance,SG,22,Golden State Warriors,1997-09-04
205,Perry Wells,PG,30,Houston Rockets,1989-12-18
206,Ramiro King,SF,25,San Antonio Spurs,1994-10-23
207,Shawn Allen,PF,29,Miami Heat,1990-03-21
208,Todd Brooks,C,24,Philadelphia 76ers,1995-05-09
209,Ulysses Carter,SG,28,Toronto Raptors,1991-02-27
210,Vaughn Davis,PG,23,Utah Jazz,1996-10-14
211,Wayne Evans,SF,32,Denver Nuggets,1987-06-06
212,Xander Gray,PF,25,Portland Trail Blazers,1994-12-01
213,Yancy Hall,C,30,Orlando Magic,1989-09-20
214,Zion Jones,SG,26,Charlotte Hornets,1993-05-01
215,Abel Lewis,PG,21,Atlanta Hawks,1998-01-13
216,Blaine Moore,SF,27,Milwaukee Bucks,1992-07-08
217,Caleb Nelson,PF,31,Indiana Pacers,1988-04-16
218,Dorian Owen,C,22,Phoenix Suns,1997-02-03
219,Emmett Perry,SG,29,Chicago Bulls,1990-06-10
220,Fabian Quinn,PG,24,Detroit Pistons,1995-08-25
221,Garrett Reed,SF,28,New Orleans Pelicans,1991-05-01
222,Harlan Shaw,PF,21,Cleveland Cavaliers,1998-11-09
223,Irvin Tate,C,33,Washington Wizards,1986-03-28
224,Jared Usher,SG,27,Memphis Grizzlies,1992-10-22
225,Kiefer Vance,PG,22,Sacramento Kings,1997-04-30
226,Lincoln West,SF,30,Los Angeles Clippers,1989-08-01
227,Mason York,PF,25,Brooklyn Nets,1994-01-17
228,Nash Zephyr,C,29,Dallas Mavericks,1990-09-12
229,Orin Finch,SG,23,Oklahoma City Thunder,1996-07-28
230,Palmer Gates,PG,31,BOS,1988-10-09
231,Quillian Howe,SF,26,New York Knicks,1993-01-18
232,Rudy Iyer,PF,24,Golden State Warriors,1995-02-25
233,Sheldon Kidd,C,27,Houston Rockets,1992-06-08
234,Trent Lane,SG,21,San Antonio Spurs,1998-05-24
235,Usher Mann,PG,32,Miami Heat,1987-12-02
236,Vance Nash,SF,25,Philadelphia 76ers,1994-09-11
237,Winston Otto,PF,28,Toronto Raptors,1991-03-07
238,Xavier Poe,C,23,Utah Jazz,1996-11-20
239,Yates Quaid,SG,30,Denver Nuggets,1989-04-13
240,Zane Roy,PG,29,Portland Trail Blazers,1990-07-20
241,Alfie Shea,SF,22,Orlando Magic,1997-12-25
242,Basil Todd,PF,33,Charlotte Hornets,1986-06-20
243,Cain Uris,C,26,Atlanta Hawks,1993-08-27
244,Dustin Voltz,SG,24,Milwaukee Bucks,1995-04-06
245,Ernie Wade,PG,28,Indiana Pacers,1991-07-23
246,Floyd Yale,SF,21,Phoenix Suns,1998-09-08
247,Geno Zappa,PF,31,Chicago Bulls,1988-02-09
248,Hugo Alton,C,27,Detroit Pistons,1992-11-26
249,Ira Byrd,SG,22,New Orleans Pelicans,1997-03-15
250,Jory Cole,PG,30,Cleveland Cavaliers,1989-10-01
251,Kane Day,SF,25,Washington Wizards,1994-05-24
252,Lex Fox,PF,29,Memphis Grizzlies,1990-01-02
253,Monty Gage,C,24,Sacramento Kings,1995-09-18
254,Niko Hunt,SG,28,Los Angeles Clippers,1991-06-29
255,Orrin Jay,PG,23,Brooklyn Nets,1996-02-05
256,Pace Kent,SF,32,Dallas Mavericks,1987-07-11
257,Quincy Lyra,PF,25,Oklahoma City Thunder,1994-11-29
258,Rocco Mace,C,30,BOS,1989-02-06
259,Syd North,SG,26,New York Knicks,1993-10-14
260,Troy Odom,PG,21,Golden State Warriors,1998-04-01
261,Umar Pym,SF,27,Houston Rockets,1992-09-17
262,Van Quaid,PF,31,San Antonio Spurs,1988-11-28
263,Wes Rivas,C,22,Miami Heat,1997-07-05
264,Xylos Sage,SG,30,Philadelphia 76ers,1989-03-30
265,Yasin Todd,PG,25,Toronto Raptors,1994-06-21
266,Zayne Ulm,SF,29,Utah Jazz,1990-04-07
267,Alston Vex,PF,24,Denver Nuggets,1995-10-25
268,Byron Wolf,C,28,Portland Trail Blazers,1991-01-18
269,Camilo York,SG,23,Orlando Magic,1996-08-11
270,Damian Zion,PG,33,Charlotte Hornets,1986-05-20
271,Errol Abel,SF,26,Atlanta Hawks,1993-01-03
272,Felix Bain,PF,24,Milwaukee Bucks,1995-12-30
273,Gerrit Cruz,C,27,Indiana Pacers,1992-02-19
274,Homer Daye,SG,21,Phoenix Suns,1998-06-22
275,Ives Edge,PG,32,Chicago Bulls,1987-09-10
276,Jared Ford,SF,25,Detroit Pistons,1994-02-12
277,Kael Grove,PF,28,New Orleans Pelicans,1991-11-03
278,Lanny Hall,C,23,Cleveland Cavaliers,1996-04-26
279,Milo Hunt,SG,30,Washington Wizards,1989-05-14
280,Noel Iyer,PG,29,Memphis Grizzlies,1990-12-22
281,Odin Jett,SF,22,Sacramento Kings,1997-08-30
282,Pavel Kyle,PF,33,Los Angeles Clippers,1986-07-16
283,Quentin Lane,C,26,Brooklyn Nets,1993-04-09
284,Ralph Mann,SG,24,Dallas Mavericks,1995-06-27
285,Shane Nash,PG,28,Oklahoma City Thunder,1991-03-20
286,Tobias Otto,SF,21,BOS,1998-10-07
287,Ulric Penn,PF,31,New York Knicks,1988-09-01
288,Vernon Ruez,C,27,Golden State Warriors,1992-01-30
289,Wayne Shaw,SG,22,Houston Rockets,1997-09-12
290,Xavier Tate,PG,30,San Antonio Spurs,1989-12-25
291,Yves Ulm,SF,25,Miami Heat,1994-10-16
292,Zoran Volk,PF,29,Philadelphia 76ers,1990-03-14
293,Adrian Wall,C,24,Toronto Raptors,1995-05-23
294,Brett West,SG,28,Utah Jazz,1991-02-05
295,Caleb Wynn,PG,23,Denver Nuggets,1996-10-29
296,Dillon Yang,SF,32,Portland Trail Blazers,1987-06-26
297,Earl Zinn,PF,25,Orlando Magic,1994-12-08
298,Floyd Adam,C,30,Charlotte Hornets,1989-09-09
299,Gavin Bain,SG,26,Atlanta Hawks,1993-05-15
300,Hayden Carr,PG,21,Milwaukee Bucks,1998-01-29
301,Ian Dean,SF,27,Indiana Pacers,1992-07-22
302,Jude Edge,PF,31,Phoenix Suns,1988-04-22
303,Koby Flynn,C,22,Chicago Bulls,1997-02-18
304,Levi Gage,SG,29,Detroit Pistons,1990-06-03
305,Manny Hill,PG,24,New Orleans Pelicans,1995-08-18
306,Nate Hyde,SF,28,Cleveland Cavaliers,1991-05-08
307,Omar Ivey,PF,21,Washington Wizards,1998-11-25
308,Perry Jack,C,33,Memphis Grizzlies,1986-03-15
309,Quin Key,SG,27,Sacramento Kings,1992-10-29
310,Rico Lane,PG,22,Los Angeles Clippers,1997-04-23
311,Sam Mohr,SF,30,Brooklyn Nets,1989-08-08
312,Ty Otis,PF,25,Dallas Mavericks,1994-01-08
313,Ulf Palm,C,29,Oklahoma City Thunder,1990-09-27
314,Vito Quay,SG,23,BOS,1996-07-21
315,Wes Reed,PG,31,New York Knicks,1988-10-16
316,Yara Shea,SF,26,Golden State Warriors,1993-01-01
317,Zeke Troy,PF,24,Houston Rockets,1995-02-08
318,Alec Vail,C,27,San Antonio Spurs,1992-06-15
319,Bryce Wick,SG,21,Miami Heat,1998-05-31
320,Chaz Yang,PG,32,Philadelphia 76ers,1987-12-10
321,Drew Zola,SF,25,Toronto Raptors,1994-09-26
322,Elias Ames,PF,28,Utah Jazz,1991-03-23
323,Felipe Bird,C,23,Denver Nuggets,1996-11-07
324,Gio Cobb,SG,30,Portland Trail Blazers,1989-04-20
325,Hans Drew,PG,29,Orlando Magic,1990-07-13
326,Iker Edge,SF,22,Charlotte Hornets,1997-12-31
327,Jake Finn,PF,33,Atlanta Hawks,1986-06-08
328,Kai Glen,C,26,Milwaukee Bucks,1993-08-20
329,Leon Hope,SG,24,Indiana Pacers,1995-04-27
330,Max Ivy,PG,28,Phoenix Suns,1991-07-02
331,Noah Jada,SF,21,Chicago Bulls,1998-09-15
332,Omar Kent,PF,31,Detroit Pistons,1988-02-23
333,Pip Lord,C,27,New Orleans Pelicans,1992-11-04
334,Quin Mace,SG,22,Cleveland Cavaliers,1997-03-02
335,Rex Nash,PG,30,Washington Wizards,1989-10-24
336,Stu Opie,SF,25,Memphis Grizzlies,1994-05-12
337,Trey Paul,PF,29,Sacramento Kings,1990-01-24
338,Ugo Qade,C,24,Los Angeles Clippers,1995-09-08
339,Val Reed,SG,28,Brooklyn Nets,1991-06-11
340,Will Saar,PG,23,Dallas Mavericks,1996-02-28
341,Xavi Tate,SF,32,Oklahoma City Thunder,1987-07-20
342,Yuri Ulm,PF,25,BOS,1994-11-03
343,Zack Volk,C,30,New York Knicks,1989-02-20
344,Adam Wade,SG,26,Golden State Warriors,1993-10-08
345,Ben York,PG,21,Houston Rockets,1998-04-16
346,Cole Zinn,SF,27,San Antonio Spurs,1992-09-01
347,Dirk Abel,PF,31,Miami Heat,1988-11-13
348,Eric Bain,C,22,Philadelphia 76ers,1997-07-29
349,Fred Cruz,SG,30,Toronto Raptors,1989-03-16
350,Gabe Daye,PG,25,Utah Jazz,1994-06-05
351,Hank Edge,SF,29,Denver Nuggets,1990-04-22
352,Ira Finn,PF,24,Portland Trail Blazers,1995-10-09
353,Jace Glen,C,28,Orlando Magic,1991-01-04
354,Kyle Hope,SG,23,Charlotte Hornets,1996-08-26
355,Leo Ivey,PG,33,Atlanta Hawks,1986-05-26
356,Max Judd,SF,26,Milwaukee Bucks,1993-01-31
357,Noah Kent,PF,24,Indiana Pacers,1995-12-23
358,Otis Lake,C,27,Phoenix Suns,1992-02-12
359,Paul Lord,SG,21,Chicago Bulls,1998-06-05
360,Quin Mace,PG,32,Detroit Pistons,1987-09-03
361,Rico Nash,SF,25,New Orleans Pelicans,1994-02-20
362,Sam Owen,PF,28,Cleveland Cavaliers,1991-11-27
363,Tom Pace,C,23,Washington Wizards,1996-04-09
364,Umar Quinn,SG,30,Memphis Grizzlies,1989-05-28
365,Vince Reed,PG,29,Sacramento Kings,1990-12-01
366,Will Shaw,SF,22,Los Angeles Clippers,1997-08-23
367,Xavi Troy,PF,33,Brooklyn Nets,1986-07-31
368,Yusef Ulm,C,26,Dallas Mavericks,1993-04-14
369,Zeke Vance,SG,24,Oklahoma City Thunder,1995-06-13
370,Alex Wade,PG,28,BOS,1991-03-01
371,Brent Yale,SF,21,New York Knicks,1998-10-21
372,Cain Zinn,PF,31,Golden State Warriors,1988-08-11
373,Dale Abel,C,27,Houston Rockets,1992-01-05
374,Earl Best,SG,22,San Antonio Spurs,1997-09-26
375,Finn Cole,PG,30,Miami Heat,1989-12-10
376,Gary Dean,SF,25,Philadelphia 76ers,1994-10-05
377,Hugh Edge,PF,29,Toronto Raptors,1990-03-28
378,Igor Ford,C,24,Utah Jazz,1995-05-02
379,Jake Gage,SG,28,Denver Nuggets,1991-02-19
380,Kyle Howe,PG,23,Portland Trail Blazers,1996-10-22
381,Leo Ivey,SF,32,Orlando Magic,1987-06-13
382,Max Judd,PF,25,Charlotte Hornets,1994-12-14
383,Nick Kent,C,30,Atlanta Hawks,1989-09-01
384,Ollie Lord,SG,26,Milwaukee Bucks,1993-05-29
385,Pete Mann,PG,21,Indiana Pacers,1998-01-08
386,Quin Nash,SF,27,Phoenix Suns,1992-07-01
387,Rudy Odom,PF,31,Chicago Bulls,1988-04-09
388,Sam Pace,C,22,Detroit Pistons,1997-02-06
389,Todd Quay,SG,29,New Orleans Pelicans,1990-06-18
390,Umar Rade,PG,24,Cleveland Cavaliers,1995-08-04
391,Vince Sape,SF,28,Washington Wizards,1991-05-15
392,Will Tate,PF,21,Memphis Grizzlies,1998-11-01
393,Xavi Ulm,C,33,Sacramento Kings,1986-03-22
394,Yuri Vann,SG,27,Los Angeles Clippers,1992-10-15
395,Zane Webb,PG,22,Brooklyn Nets,1997-04-08
396,Alan York,SF,30,Dallas Mavericks,1989-08-11
397,Beau Zinn,PF,25,Oklahoma City Thunder,1994-01-28
398,Carl Abel,C,29,BOS,1990-09-07
399,Don Best,SG,23,New York Knicks,1996-07-06
400,Eli Cole,PG,31,Golden State Warriors,1988-10-02
401,Fred Dean,SF,26,Houston Rockets,1993-01-14
402,Gus Edge,PF,24,San Antonio Spurs,1995-02-19
403,Hal Finn,C,27,Miami Heat,1992-06-25
404,Ian Gage,SG,21,Philadelphia 76ers,1998-05-17
405,Joss Hyde,PG,32,Toronto Raptors,1987-12-24
406,Kian Ivey,SF,25,Utah Jazz,1994-09-30
407,Liam Jude,PF,28,Denver Nuggets,1991-03-10
408,Mick Kade,C,23,Portland Trail Blazers,1996-11-23
409,Nash Lane,SG,30,Orlando Magic,1989-04-28
410,Orin Mace,PG,29,Charlotte Hornets,1990-07-04
411,Pat Nash,SF,22,Atlanta Hawks,1997-12-12
412,Quin Oden,PF,33,Milwaukee Bucks,1986-06-27
413,Rory Pace,C,26,Indiana Pacers,1993-08-05
414,Sam Quay,SG,24,Phoenix Suns,1995-04-13
415,Ted Reed,PG,28,Chicago Bulls,1991-07-29
416,Umar Sate,SF,21,Detroit Pistons,1998-09-03
417,Vince Tarr,PF,31,New Orleans Pelicans,1988-02-02
418,Will Ulm,C,27,Cleveland Cavaliers,1992-11-17
419,Xavi Vest,SG,22,Washington Wizards,1997-03-04
420,Yusuf Wall,PG,30,Memphis Grizzlies,1989-10-06
421,Zack Yate,SF,25,Sacramento Kings,1994-05-27
422,Alec Zest,PF,29,Los Angeles Clippers,1990-01-15
423,Bert Ash,C,24,Brooklyn Nets,1995-09-21
424,Chet Baye,SG,28,Dallas Mavericks,1991-06-22
425,Don Case,PG,23,Oklahoma City Thunder,1996-02-14
426,Eli Daye,SF,32,BOS,1987-07-25
427,Finch Epps,PF,25,New York Knicks,1994-11-12
428,Gale Fair,C,30,Golden State Warriors,1989-02-09
429,Hugh Gilt,SG,26,Houston Rockets,1993-10-17
430,Ira Herr,PG,21,San Antonio Spurs,1998-04-04
431,Jett Ives,SF,27,Miami Heat,1992-09-29
432,Kent Jago,PF,31,Philadelphia 76ers,1988-11-24
433,Liam Kale,C,22,Toronto Raptors,1997-07-17
434,Mick Lynn,SG,30,Utah Jazz,1989-03-26
435,Noel Mack,PG,25,Denver Nuggets,1994-06-03
436,Otis Noon,SF,29,Portland Trail Blazers,1990-04-25
437,Penn Opal,PF,24,Orlando Magic,1995-10-05
438,Quin Pack,C,28,Charlotte Hornets,1991-01-22
439,Rico Quar,SG,23,Atlanta Hawks,1996-08-15
440,Sam Rade,PG,33,Milwaukee Bucks,1986-05-08
441,Todd Sage,SF,26,Indiana Pacers,1993-01-27
442,Umar Tagg,PF,24,Phoenix Suns,1995-12-12
443,Vince Vale,C,27,Chicago Bulls,1992-02-01
444,Will Wolf,SG,21,Detroit Pistons,1998-06-26
445,Xavi York,PG,32,New Orleans Pelicans,1987-09-14
446,Yusuf Zeff,SF,25,Cleveland Cavaliers,1994-02-09
447,Zack Abel,PF,28,Washington Wizards,1991-11-06
448,Alan Bain,C,23,Memphis Grizzlies,1996-04-23
449,Brett Cary,SG,30,Sacramento Kings,1989-05-09
450,Cody Dean,PG,29,Los Angeles Clippers,1990-12-05
451,Dion Edge,SF,22,Brooklyn Nets,1997-08-04
452,Eli Ford,PF,33,Dallas Mavericks,1986-07-22
453,Finn Gage,C,26,Oklahoma City Thunder,1993-04-20
454,Gabe Hoyt,SG,24,BOS,1995-06-18
455,Hugh Ivey,PG,28,New York Knicks,1991-03-31
456,Iker Judd,SF,21,Golden State Warriors,1998-10-10
457,Jack Kade,PF,31,Houston Rockets,1988-08-09
458,Kent Lyle,C,27,San Antonio Spurs,1992-01-20
459,Leo Marr,SG,22,Miami Heat,1997-09-08
460,Mick Nash,PG,30,Philadelphia 76ers,1989-12-01
461,Neil Otto,SF,25,Toronto Raptors,1994-10-20
462,Orin Perry,PF,29,Utah Jazz,1990-03-07
463,Paul Rinn,C,24,Denver Nuggets,1995-05-05
464,Quin Saar,SG,28,Portland Trail Blazers,1991-02-23
465,Rudy Tate,PG,23,Orlando Magic,1996-10-01
466,Seth Uris,SF,32,Charlotte Hornets,1987-06-29
467,Todd Vance,PF,25,Atlanta Hawks,1994-12-21
468,Umar Wray,C,30,Milwaukee Bucks,1989-09-13
469,Vance Yale,SG,26,Indiana Pacers,1993-05-06
470,Will Zane,PG,21,Phoenix Suns,1998-01-10
471,Xavi Abel,SF,27,Chicago Bulls,1992-07-19
472,Yates Best,PF,31,Detroit Pistons,1988-04-27
473,Zane Cole,C,22,New Orleans Pelicans,1997-02-07
474,Alex Wade,PG,28,BOS,1991-03-01
475,Brent Yale,SF,21,New York Knicks,1998-10-21
476,Cain Zinn,PF,31,Golden State Warriors,1988-08-11
477,Dale Abel,C,27,Houston Rockets,1992-01-05
478,Earl Best,SG,22,San Antonio Spurs,1997-09-26
479,Finn Cole,PG,30,Miami Heat,1989-12-10
480,Gary Dean,SF,25,Philadelphia 76ers,1994-10-05
481,Hugh Edge,PF,29,Toronto Raptors,1990-03-28
482,Igor Ford,C,24,Utah Jazz,1995-05-02
483,Jake Gage,SG,28,Denver Nuggets,1991-02-19
484,Kyle Howe,PG,23,Portland Trail Blazers,1996-10-22
485,Leo Ivey,SF,32,Orlando Magic,1987-06-13
486,Max Judd,PF,25,Charlotte Hornets,1994-12-14
487,Nick Kent,C,30,Atlanta Hawks,1989-09-01
488,Ollie Lord,SG,26,Milwaukee Bucks,1993-05-29
489,Pete Mann,PG,21,Indiana Pacers,1998-01-08
490,Quin Nash,SF,27,Phoenix Suns,1992-07-01
491,Rudy Odom,PF,31,Chicago Bulls,1988-04-09
492,Sam Pace,C,22,Detroit Pistons,1997-02-06
493,Todd Quay,SG,29,New Orleans Pelicans,1990-06-18
494,Umar Rade,PG,24,Cleveland Cavaliers,1995-08-04
495,Vince Sape,SF,28,Washington Wizards,1991-05-15
496,Will Tate,PF,21,Memphis Grizzlies,1998-11-01
497,Xavi Ulm,C,33,Sacramento Kings,1986-03-22
498,Yuri Vann,SG,27,Los Angeles Clippers,1992-10-15
499,Zane Webb,PG,22,Brooklyn Nets,1997-04-08
500,Alan York,SF,30,Dallas Mavericks,1989-08-11
501,Beau Zinn,PF,25,Oklahoma City Thunder,1994-01-28
502,Carl Abel,C,29,BOS,1990-09-07
503,Don Best,SG,23,New York Knicks,1996-07-06
504,Eli Cole,PG,31,Golden State Warriors,1988-10-02
505,Fred Dean,SF,26,Houston Rockets,1993-01-14
506,Gus Edge,PF,24,San Antonio Spurs,1995-02-19
507,Hal Finn,C,27,Miami Heat,1992-06-25
508,Ian Gage,SG,21,Philadelphia 76ers,1998-05-17
509,Joss Hyde,PG,32,Toronto Raptors,1987-12-24
510,Kian Ivey,SF,25,Utah Jazz,1994-09-30
511,Liam Jude,PF,28,Denver Nuggets,1991-03-10
512,Mick Kade,C,23,Portland Trail Blazers,1996-11-23
513,Nash Lane,SG,30,Orlando Magic,1989-04-28
514,Orin Mace,PG,29,Charlotte Hornets,1990-07-04
515,Pat Nash,SF,22,Atlanta Hawks,1997-12-12
516,Quin Oden,PF,33,Milwaukee Bucks,1986-06-27
517,Rory Pace,C,26,Indiana Pacers,1993-08-05
518,Sam Quay,SG,24,Phoenix Suns,1995-04-13
519,Ted Reed,PG,28,Chicago Bulls,1991-07-29
520,Umar Sate,SF,21,Detroit Pistons,1998-09-03
521,Vince Tarr,PF,31,New Orleans Pelicans,1988-02-02
522,Will Ulm,C,27,Cleveland Cavaliers,1992-11-17
523,Xavi Vest,SG,22,Washington Wizards,1997-03-04
524,Yusuf Wall,PG,30,Memphis Grizzlies,1989-10-06
525,Zack Yate,SF,25,Sacramento Kings,1994-05-27
526,Alec Zest,PF,29,Los Angeles Clippers,1990-01-15
527,Bert Ash,C,24,Brooklyn Nets,1995-09-21
528,Chet Baye,SG,28,Dallas Mavericks,1991-06-22
529,Don Case,PG,23,Oklahoma City Thunder,1996-02-14
530,Eli Daye,SF,32,BOS,1987-07-25
531,Finch Epps,PF,25,New York Knicks,1994-11-12
532,Gale Fair,C,30,Golden State Warriors,1989-02-09
533,Hugh Gilt,SG,26,Houston Rockets,1993-10-17
534,Ira Herr,PG,21,San Antonio Spurs,1998-04-04
535,Jett Ives,SF,27,Miami Heat,1992-09-29
536,Kent Jago,PF,31,Philadelphia 76ers,1988-11-24
537,Liam Kale,C,22,Toronto Raptors,1997-07-17
538,Mick Lynn,SG,30,Utah Jazz,1989-03-26
539,Noel Mack,PG,25,Denver Nuggets,1994-06-03
540,Otis Noon,SF,29,Portland Trail Blazers,1990-04-25
541,Penn Opal,PF,24,Orlando Magic,1995-10-05
542,Quin Pack,C,28,Charlotte Hornets,1991-01-22
543,Rico Quar,SG,23,Atlanta Hawks,1996-08-15
544,Sam Rade,PG,33,Milwaukee Bucks,1986-05-08
545,Todd Sage,SF,26,Indiana Pacers,1993-01-27
546,Umar Tagg,PF,24,Phoenix Suns,1995-12-12
547,Vince Vale,C,27,Chicago Bulls,1992-02-01
548,Will Wolf,SG,21,Detroit Pistons,1998-06-26
549,Xavi York,PG,32,New Orleans Pelicans,1987-09-14
550,Yusuf Zeff,SF,25,Cleveland Cavaliers,1994-02-09
551,Zack Abel,PF,28,Washington Wizards,1991-11-06
552,Alan Bain,C,23,Memphis Grizzlies,1996-04-23
553,Brett Cary,SG,30,Sacramento Kings,1989-05-09
554,Cody Dean,PG,29,Los Angeles Clippers,1990-12-05
555,Dion Edge,SF,22,Brooklyn Nets,1997-08-04
556,Eli Ford,PF,33,Dallas Mavericks,1986-07-22
557,Finn Gage,C,26,Oklahoma City Thunder,1993-04-20
558,Gabe Hoyt,SG,24,BOS,1995-06-18
559,Hugh Ivey,PG,28,New York Knicks,1991-03-31
560,Iker Judd,SF,21,Golden State Warriors,1998-10-10
561,Jack Kade,PF,31,Houston Rockets,1988-08-09
562,Kent Lyle,C,27,San Antonio Spurs,1992-01-20
563,Leo Marr,SG,22,Miami Heat,1997-09-08
564,Mick Nash,PG,30,Philadelphia 76ers,1989-12-01
565,Neil Otto,SF,25,Toronto Raptors,1994-10-20
566,Orin Perry,PF,29,Utah Jazz,1990-03-07
567,Paul Rinn,C,24,Denver Nuggets,1995-05-05
568,Quin Saar,SG,28,Portland Trail Blazers,1991-02-23
569,Rudy Tate,PG,23,Orlando Magic,1996-10-01
570,Seth Uris,SF,32,Charlotte Hornets,1987-06-29
571,Todd Vance,PF,25,Atlanta Hawks,1994-12-21
572,Umar Wray,C,30,Milwaukee Bucks,1989-09-13
573,Vance Yale,SG,26,Indiana Pacers,1993-05-06
574,Will Zane,PG,21,Phoenix Suns,1998-01-10
575,Xavi Abel,SF,27,Chicago Bulls,1992-07-19
576,Yates Best,PF,31,Detroit Pistons,1988-04-27
577,Zane Cole,C,22,New Orleans Pelicans,1997-02-07
